time, x0, y0, z0, x1, y1, z1 
0.00000, -0.71022, 0.06599, 0.65693, -0.66900, 0.08438, 0.67905  
0.00100, -0.70898, 0.06969, 0.65693, -0.67024, 0.08583, 0.67945  
0.00200, -0.70980, 0.06912, 0.65413, -0.67112, 0.08549, 0.67986  
0.00300, -0.71138, 0.06584, 0.65826, -0.67150, 0.08963, 0.67822  
0.00400, -0.70801, 0.06620, 0.65750, -0.66736, 0.09550, 0.67789  
0.00500, -0.70915, 0.06510, 0.65414, -0.66771, 0.09995, 0.67514  
0.00600, -0.70255, 0.07374, 0.65228, -0.66669, 0.10536, 0.67669  
0.00700, -0.70318, 0.07460, 0.65281, -0.66345, 0.10498, 0.67486  
0.00800, -0.70210, 0.07072, 0.65264, -0.66313, 0.10775, 0.67402  
0.00900, -0.70141, 0.07246, 0.65538, -0.66029, 0.10769, 0.67663  
0.01000, -0.69778, 0.07507, 0.65374, -0.65437, 0.10798, 0.67827  
0.01100, -0.69668, 0.07887, 0.65407, -0.65929, 0.10923, 0.67673  
0.01200, -0.70192, 0.07889, 0.65609, -0.65823, 0.11278, 0.67724  
0.01300, -0.70049, 0.07597, 0.65613, -0.65809, 0.11215, 0.68001  
0.01400, -0.70204, 0.07988, 0.65424, -0.66299, 0.11961, 0.67734  
0.01500, -0.69931, 0.07685, 0.65420, -0.65605, 0.11730, 0.68058  
0.01600, -0.70587, 0.08217, 0.65371, -0.66347, 0.12100, 0.68050  
0.01700, -0.70427, 0.08358, 0.65487, -0.66515, 0.11539, 0.68459  
0.01800, -0.70387, 0.08682, 0.65626, -0.66425, 0.12108, 0.68470  
0.01900, -0.70274, 0.08928, 0.65250, -0.66881, 0.12196, 0.67938  
0.02000, -0.70211, 0.09497, 0.65567, -0.66639, 0.12211, 0.68483  
0.02100, -0.70084, 0.09729, 0.65599, -0.66828, 0.12762, 0.68491  
0.02200, -0.70648, 0.09975, 0.65439, -0.66151, 0.12924, 0.68302  
0.02300, -0.70660, 0.10324, 0.65363, -0.66763, 0.12995, 0.68521  
0.02400, -0.70923, 0.10504, 0.65187, -0.66652, 0.12556, 0.68121  
0.02500, -0.70745, 0.10567, 0.65420, -0.66965, 0.12966, 0.67921  
0.02600, -0.70915, 0.10956, 0.65514, -0.66372, 0.12718, 0.68216  
0.02700, -0.71161, 0.11148, 0.65462, -0.66853, 0.12909, 0.68003  
0.02800, -0.70826, 0.11263, 0.65512, -0.66843, 0.12480, 0.68338  
0.02900, -0.71157, 0.11604, 0.65277, -0.67019, 0.12836, 0.68171  
0.03000, -0.71453, 0.12043, 0.65163, -0.67575, 0.12629, 0.68295  
0.03100, -0.71960, 0.12287, 0.65163, -0.67053, 0.12875, 0.67947  
0.03200, -0.72199, 0.12520, 0.64974, -0.68298, 0.13168, 0.67944  
0.03300, -0.72353, 0.13165, 0.64562, -0.67963, 0.12859, 0.67669  
0.03400, -0.72485, 0.13420, 0.64693, -0.68098, 0.13252, 0.67415  
0.03500, -0.72403, 0.13485, 0.64337, -0.68186, 0.13474, 0.67602  
0.03600, -0.72397, 0.13725, 0.64552, -0.67711, 0.13502, 0.67354  
0.03700, -0.72155, 0.13256, 0.64413, -0.68232, 0.13092, 0.67564  
0.03800, -0.72044, 0.13323, 0.64627, -0.67261, 0.12997, 0.67789  
0.03900, -0.71648, 0.13065, 0.64804, -0.67860, 0.12894, 0.67623  
0.04000, -0.71369, 0.13437, 0.65247, -0.68130, 0.12894, 0.67825  
0.04100, -0.71795, 0.12682, 0.65004, -0.67347, 0.12512, 0.67682  
0.04200, -0.71804, 0.11644, 0.66044, -0.67648, 0.12430, 0.67713  
0.04300, -0.71054, 0.12220, 0.66238, -0.67024, 0.12178, 0.68159  
0.04400, -0.71171, 0.12009, 0.65140, -0.67194, 0.12180, 0.68161  
0.04500, -0.71623, 0.11965, 0.64447, -0.67343, 0.11911, 0.67656  
0.04600, -0.71665, 0.11751, 0.64289, -0.67474, 0.11776, 0.66822  
0.04700, -0.71577, 0.11120, 0.63822, -0.67421, 0.11713, 0.66942  
0.04800, -0.71644, 0.10582, 0.63768, -0.67537, 0.11881, 0.67045  
0.04900, -0.71545, 0.10405, 0.63993, -0.67562, 0.10855, 0.67528  
0.05000, -0.71646, 0.09819, 0.64360, -0.67238, 0.10960, 0.67200  
0.05100, -0.71587, 0.09335, 0.64884, -0.67154, 0.10820, 0.67015  
0.05200, -0.71619, 0.08717, 0.65042, -0.66730, 0.10584, 0.67629  
0.05300, -0.70847, 0.08707, 0.65346, -0.67095, 0.10210, 0.67945  
0.05400, -0.71095, 0.08333, 0.65521, -0.67049, 0.10124, 0.68119  
0.05500, -0.70963, 0.08026, 0.65670, -0.67230, 0.10180, 0.67675  
0.05600, -0.70988, 0.08118, 0.65468, -0.66875, 0.10315, 0.67900  
0.05700, -0.71033, 0.08266, 0.65334, -0.66998, 0.10227, 0.68403  
0.05800, -0.71243, 0.08585, 0.65487, -0.66931, 0.10328, 0.67730  
0.05900, -0.71156, 0.08379, 0.65292, -0.66780, 0.10443, 0.68169  
0.06000, -0.71167, 0.08780, 0.65523, -0.67362, 0.10370, 0.67785  
0.06100, -0.71709, 0.09127, 0.65077, -0.67507, 0.11019, 0.67732  
0.06200, -0.71960, 0.09710, 0.65008, -0.67680, 0.10704, 0.67982  
0.06300, -0.72025, 0.09789, 0.64913, -0.67940, 0.11002, 0.67604  
0.06400, -0.71980, 0.10181, 0.65022, -0.68199, 0.10803, 0.67722  
0.06500, -0.72500, 0.10111, 0.65479, -0.68630, 0.11118, 0.68274  
0.06600, -0.71749, 0.10736, 0.65224, -0.67894, 0.11600, 0.67913  
0.06700, -0.71589, 0.10254, 0.65252, -0.67703, 0.10906, 0.68062  
0.06800, -0.71690, 0.09975, 0.65235, -0.67816, 0.10538, 0.68138  
0.06900, -0.71695, 0.09907, 0.65201, -0.67764, 0.10912, 0.68316  
0.07000, -0.71156, 0.10088, 0.65252, -0.67600, 0.11112, 0.68014  
0.07100, -0.71501, 0.09922, 0.65567, -0.67425, 0.10576, 0.68300  
0.07200, -0.71581, 0.09661, 0.65903, -0.67287, 0.11042, 0.67987  
0.07300, -0.71310, 0.10015, 0.65956, -0.67108, 0.10530, 0.68140  
0.07400, -0.71381, 0.09872, 0.65411, -0.67041, 0.10370, 0.68151  
0.07500, -0.70978, 0.09617, 0.65371, -0.66818, 0.10344, 0.68148  
0.07600, -0.70971, 0.09605, 0.65035, -0.67078, 0.10260, 0.68138  
0.07700, -0.71220, 0.09577, 0.65062, -0.67305, 0.10628, 0.67837  
0.07800, -0.71424, 0.09558, 0.65004, -0.67219, 0.10483, 0.67768  
0.07900, -0.71236, 0.09430, 0.64857, -0.67427, 0.10818, 0.67698  
0.08000, -0.71144, 0.09247, 0.65023, -0.67045, 0.10489, 0.67373  
0.08100, -0.71102, 0.08671, 0.64987, -0.66961, 0.10109, 0.67741  
0.08200, -0.70869, 0.08110, 0.65786, -0.66547, 0.09726, 0.67762  
0.08300, -0.70370, 0.08188, 0.65739, -0.65964, 0.09611, 0.67780  
0.08400, -0.70021, 0.07746, 0.65353, -0.65912, 0.09619, 0.67902  
0.08500, -0.69838, 0.07641, 0.64772, -0.65662, 0.09268, 0.67717  
0.08600, -0.70093, 0.07141, 0.64600, -0.65737, 0.09577, 0.67364  
0.08700, -0.69834, 0.06977, 0.64672, -0.66008, 0.09155, 0.67160  
0.08800, -0.69979, 0.06763, 0.64569, -0.65588, 0.09611, 0.67524  
0.08900, -0.70072, 0.06418, 0.64945, -0.65907, 0.09314, 0.67595  
0.09000, -0.70263, 0.05970, 0.65100, -0.66027, 0.09163, 0.67974  
0.09100, -0.69889, 0.05974, 0.65508, -0.66170, 0.09272, 0.67886  
0.09200, -0.69796, 0.05629, 0.65855, -0.65706, 0.08560, 0.68192  
0.09300, -0.69670, 0.06100, 0.65889, -0.65929, 0.08476, 0.68403  
0.09400, -0.70280, 0.06247, 0.65624, -0.66360, 0.08835, 0.68792  
0.09500, -0.69927, 0.06435, 0.66183, -0.66473, 0.08659, 0.68436  
0.09600, -0.69740, 0.06613, 0.65817, -0.66214, 0.09083, 0.68449  
0.09700, -0.70013, 0.07010, 0.65886, -0.65990, 0.09130, 0.68277  
0.09800, -0.69782, 0.06891, 0.65794, -0.66572, 0.09455, 0.68941  
0.09900, -0.70011, 0.07208, 0.65973, -0.65990, 0.08932, 0.68943  
0.10000, -0.70284, 0.07322, 0.65853, -0.66174, 0.09470, 0.68722  
0.10100, -0.70559, 0.07318, 0.66240, -0.66072, 0.09546, 0.68758  
0.10200, -0.70116, 0.07149, 0.65832, -0.66645, 0.09354, 0.69019  
0.10300, -0.70398, 0.07679, 0.66011, -0.66896, 0.09993, 0.69077  
0.10400, -0.70677, 0.07820, 0.66238, -0.66441, 0.09920, 0.69044  
0.10500, -0.70368, 0.08011, 0.66166, -0.66349, 0.10166, 0.69479  
0.10600, -0.70429, 0.08034, 0.66570, -0.66542, 0.10155, 0.69563  
0.10700, -0.70368, 0.07967, 0.66319, -0.66118, 0.10227, 0.69416  
0.10800, -0.70051, 0.08352, 0.66343, -0.65876, 0.09598, 0.69155  
0.10900, -0.70047, 0.08364, 0.66364, -0.66271, 0.10309, 0.69069  
0.11000, -0.69794, 0.08339, 0.66343, -0.65603, 0.10231, 0.69561  
0.11100, -0.70730, 0.07956, 0.66006, -0.65685, 0.10159, 0.69145  
0.11200, -0.69965, 0.08389, 0.66355, -0.65666, 0.09945, 0.69281  
0.11300, -0.70110, 0.08419, 0.65729, -0.66227, 0.09439, 0.69187  
0.11400, -0.69756, 0.08381, 0.65790, -0.66200, 0.09747, 0.69223  
0.11500, -0.70137, 0.08373, 0.65723, -0.65918, 0.09317, 0.69283  
0.11600, -0.69971, 0.08255, 0.65399, -0.66010, 0.09674, 0.68834  
0.11700, -0.69979, 0.08331, 0.65435, -0.65519, 0.08755, 0.69073  
0.11800, -0.69628, 0.08383, 0.65306, -0.65132, 0.08957, 0.69075  
0.11900, -0.69572, 0.08474, 0.65123, -0.65622, 0.09153, 0.69159  
0.12000, -0.69733, 0.08329, 0.65420, -0.65723, 0.09489, 0.68996  
0.12100, -0.69403, 0.08402, 0.65187, -0.65599, 0.09161, 0.68823  
0.12200, -0.69435, 0.08259, 0.64734, -0.65536, 0.09453, 0.68735  
0.12300, -0.69836, 0.08427, 0.64875, -0.65617, 0.09537, 0.68928  
0.12400, -0.69672, 0.09237, 0.64833, -0.65952, 0.09739, 0.68726  
0.12500, -0.70032, 0.09413, 0.64810, -0.65559, 0.10014, 0.68727  
0.12600, -0.69702, 0.09705, 0.64999, -0.65935, 0.09775, 0.68844  
0.12700, -0.69981, 0.10088, 0.65022, -0.65395, 0.09836, 0.68703  
0.12800, -0.70530, 0.09958, 0.64962, -0.65948, 0.10216, 0.68436  
0.12900, -0.70417, 0.10122, 0.65027, -0.66252, 0.10658, 0.68470  
0.13000, -0.70658, 0.10462, 0.64823, -0.66292, 0.11076, 0.68548  
0.13100, -0.70518, 0.10822, 0.65041, -0.66355, 0.10994, 0.68518  
0.13200, -0.70930, 0.10630, 0.65104, -0.66166, 0.11221, 0.68256  
0.13300, -0.70711, 0.11049, 0.65351, -0.66881, 0.12012, 0.68390  
0.13400, -0.70955, 0.10994, 0.65559, -0.66622, 0.10990, 0.68571  
0.13500, -0.71123, 0.10944, 0.65535, -0.66883, 0.11463, 0.68567  
0.13600, -0.71270, 0.11028, 0.65517, -0.66620, 0.11089, 0.68312  
0.13700, -0.71409, 0.11120, 0.65456, -0.67276, 0.11782, 0.68184  
0.13800, -0.71676, 0.10841, 0.65174, -0.67434, 0.11515, 0.68350  
0.13900, -0.71850, 0.11240, 0.65310, -0.67745, 0.11618, 0.68026  
0.14000, -0.71796, 0.11471, 0.65252, -0.67474, 0.11717, 0.68089  
0.14100, -0.71604, 0.11581, 0.65210, -0.67312, 0.11278, 0.68100  
0.14200, -0.71918, 0.11082, 0.65083, -0.67213, 0.11885, 0.68176  
0.14300, -0.71880, 0.10948, 0.65399, -0.67957, 0.11534, 0.68110  
0.14400, -0.71770, 0.11066, 0.65428, -0.67633, 0.11427, 0.68090  
0.14500, -0.71575, 0.10838, 0.65313, -0.67938, 0.11425, 0.68058  
0.14600, -0.71730, 0.10410, 0.65413, -0.67900, 0.11580, 0.68233  
0.14700, -0.71442, 0.10178, 0.65372, -0.67814, 0.11723, 0.68024  
0.14800, -0.71527, 0.09718, 0.65578, -0.67133, 0.11131, 0.67896  
0.14900, -0.71758, 0.09768, 0.65859, -0.67524, 0.11347, 0.67940  
0.15000, -0.71316, 0.09489, 0.65332, -0.67705, 0.11040, 0.68010  
0.15100, -0.71346, 0.09470, 0.65493, -0.67467, 0.10603, 0.67883  
0.15200, -0.71220, 0.09651, 0.65620, -0.67560, 0.11267, 0.68003  
0.15300, -0.71402, 0.09243, 0.65691, -0.67141, 0.10921, 0.68237  
0.15400, -0.71194, 0.09687, 0.65432, -0.67436, 0.10580, 0.68033  
0.15500, -0.71018, 0.09224, 0.65414, -0.66925, 0.10635, 0.67926  
0.15600, -0.71335, 0.09014, 0.65176, -0.67394, 0.10433, 0.67961  
0.15700, -0.70951, 0.08524, 0.65123, -0.66853, 0.10788, 0.67610  
0.15800, -0.71180, 0.08400, 0.64970, -0.66999, 0.10975, 0.67305  
0.15900, -0.71520, 0.08438, 0.65380, -0.66954, 0.10736, 0.67430  
0.16000, -0.71339, 0.08341, 0.65012, -0.67186, 0.10384, 0.67566  
0.16100, -0.71259, 0.08604, 0.65208, -0.67429, 0.10738, 0.66826  
0.16200, -0.71493, 0.08001, 0.65073, -0.67196, 0.10630, 0.67341  
0.16300, -0.71230, 0.08312, 0.65594, -0.66942, 0.10244, 0.67657  
0.16400, -0.71264, 0.08118, 0.65435, -0.67560, 0.10815, 0.67472  
0.16500, -0.71745, 0.08003, 0.65485, -0.67671, 0.10326, 0.67133  
0.16600, -0.71341, 0.08139, 0.65416, -0.67474, 0.11003, 0.67549  
0.16700, -0.71554, 0.08478, 0.65475, -0.67333, 0.10145, 0.67106  
0.16800, -0.71386, 0.08795, 0.65416, -0.67507, 0.10216, 0.67192  
0.16900, -0.71527, 0.08799, 0.65210, -0.67690, 0.10311, 0.67265  
0.17000, -0.71466, 0.08598, 0.65298, -0.67608, 0.10296, 0.67146  
0.17100, -0.71253, 0.08020, 0.64997, -0.67141, 0.09794, 0.66990  
0.17200, -0.71156, 0.07908, 0.64997, -0.67518, 0.09798, 0.66683  
0.17300, -0.71058, 0.07406, 0.64831, -0.67167, 0.09865, 0.66847  
0.17400, -0.71207, 0.07578, 0.65016, -0.67089, 0.10223, 0.66895  
0.17500, -0.71268, 0.07004, 0.65071, -0.67244, 0.09327, 0.66555  
0.17600, -0.70910, 0.06687, 0.64959, -0.66906, 0.09361, 0.67039  
0.17700, -0.71220, 0.06466, 0.65609, -0.67163, 0.09672, 0.66771  
0.17800, -0.71098, 0.06390, 0.65500, -0.66841, 0.09130, 0.67072  
0.17900, -0.71306, 0.06338, 0.66031, -0.67236, 0.08757, 0.67440  
0.18000, -0.71472, 0.05798, 0.66200, -0.67242, 0.08984, 0.67190  
0.18100, -0.71623, 0.05478, 0.66010, -0.67127, 0.08625, 0.67640  
0.18200, -0.71257, 0.05684, 0.66137, -0.66772, 0.08549, 0.67673  
0.18300, -0.71035, 0.05262, 0.66048, -0.67671, 0.08820, 0.67659  
0.18400, -0.71339, 0.05426, 0.66227, -0.67173, 0.08696, 0.68058  
0.18500, -0.71342, 0.05161, 0.65857, -0.66776, 0.08890, 0.67839  
0.18600, -0.70864, 0.04972, 0.66214, -0.67295, 0.09029, 0.67717  
0.18700, -0.71077, 0.05136, 0.65845, -0.66324, 0.08467, 0.68071  
0.18800, -0.70808, 0.04942, 0.66193, -0.67005, 0.08635, 0.68110  
0.18900, -0.70320, 0.04965, 0.65941, -0.66864, 0.08844, 0.68134  
0.19000, -0.70757, 0.04908, 0.66427, -0.66887, 0.08589, 0.68205  
0.19100, -0.70940, 0.05047, 0.66076, -0.66730, 0.08940, 0.68008  
0.19200, -0.70665, 0.05228, 0.65935, -0.66170, 0.09142, 0.67867  
0.19300, -0.70522, 0.05743, 0.65893, -0.66681, 0.09253, 0.68296  
0.19400, -0.70492, 0.05432, 0.66395, -0.66750, 0.09541, 0.68289  
0.19500, -0.70208, 0.06197, 0.66017, -0.66282, 0.09485, 0.68888  
0.19600, -0.70152, 0.06483, 0.66008, -0.66381, 0.09802, 0.68865  
0.19700, -0.70404, 0.07010, 0.65825, -0.66179, 0.09975, 0.68954  
0.19800, -0.70265, 0.07048, 0.65805, -0.66286, 0.10054, 0.68651  
0.19900, -0.70431, 0.08051, 0.65489, -0.66412, 0.10576, 0.68560  
0.20000, -0.70635, 0.08928, 0.65575, -0.66328, 0.11076, 0.68857  
0.20100, -0.70812, 0.09575, 0.65674, -0.66675, 0.11528, 0.68443  
0.20200, -0.70717, 0.10126, 0.65275, -0.66254, 0.11652, 0.68666  
0.20300, -0.70732, 0.10283, 0.65163, -0.66687, 0.11744, 0.68741  
0.20400, -0.70850, 0.10715, 0.65142, -0.66530, 0.12409, 0.69197  
0.20500, -0.70724, 0.10859, 0.65517, -0.66288, 0.12016, 0.68754  
0.20600, -0.70795, 0.10866, 0.65250, -0.66338, 0.12127, 0.68579  
0.20700, -0.70377, 0.10601, 0.65582, -0.66101, 0.12333, 0.68830  
0.20800, -0.70423, 0.10405, 0.65502, -0.66635, 0.12491, 0.69202  
0.20900, -0.70114, 0.10868, 0.65393, -0.65935, 0.12341, 0.69101  
0.21000, -0.69857, 0.10586, 0.65237, -0.65788, 0.12442, 0.68766  
0.21100, -0.69918, 0.10492, 0.65386, -0.65639, 0.12396, 0.68592  
0.21200, -0.70234, 0.09848, 0.65382, -0.66156, 0.12739, 0.68371  
0.21300, -0.70341, 0.09558, 0.65424, -0.66000, 0.12131, 0.69139  
0.21400, -0.70351, 0.09382, 0.65260, -0.66025, 0.12291, 0.68920  
0.21500, -0.70646, 0.09922, 0.65266, -0.66460, 0.11946, 0.68474  
0.21600, -0.70154, 0.09729, 0.65424, -0.66141, 0.12144, 0.68737  
0.21700, -0.70364, 0.09726, 0.65531, -0.65985, 0.12108, 0.68476  
0.21800, -0.70095, 0.09396, 0.65464, -0.66402, 0.12344, 0.68686  
0.21900, -0.70120, 0.09489, 0.65716, -0.66130, 0.12093, 0.68638  
0.22000, -0.70065, 0.09308, 0.65254, -0.65924, 0.11816, 0.68285  
0.22100, -0.70227, 0.09346, 0.65195, -0.65866, 0.12264, 0.68399  
0.22200, -0.70240, 0.09853, 0.65212, -0.66671, 0.12566, 0.68157  
0.22300, -0.70658, 0.10065, 0.65344, -0.66654, 0.12398, 0.68209  
0.22400, -0.71125, 0.10082, 0.65254, -0.66856, 0.12348, 0.68388  
0.22500, -0.70612, 0.10036, 0.65130, -0.67133, 0.12478, 0.68417  
0.22600, -0.70871, 0.10178, 0.65557, -0.66793, 0.12648, 0.67902  
0.22700, -0.71194, 0.10595, 0.65506, -0.66868, 0.12257, 0.67972  
0.22800, -0.71218, 0.10429, 0.65296, -0.66603, 0.12381, 0.68182  
0.22900, -0.71108, 0.10750, 0.65277, -0.67186, 0.11982, 0.68077  
0.23000, -0.71018, 0.10504, 0.65405, -0.66755, 0.12642, 0.67678  
0.23100, -0.71241, 0.10544, 0.65485, -0.67122, 0.12035, 0.67841  
0.23200, -0.71020, 0.10874, 0.65313, -0.67087, 0.12636, 0.67600  
0.23300, -0.71398, 0.11002, 0.65132, -0.67171, 0.12672, 0.67543  
0.23400, -0.71589, 0.11143, 0.65300, -0.67310, 0.12455, 0.67783  
0.23500, -0.71514, 0.11421, 0.65132, -0.66860, 0.12280, 0.67101  
0.23600, -0.71215, 0.11389, 0.65067, -0.67327, 0.12205, 0.67663  
0.23700, -0.71369, 0.11482, 0.64714, -0.67154, 0.12115, 0.67728  
0.23800, -0.70974, 0.11438, 0.65477, -0.66620, 0.11833, 0.67671  
0.23900, -0.70955, 0.11410, 0.64960, -0.66795, 0.12001, 0.67234  
0.24000, -0.70875, 0.11297, 0.65022, -0.67390, 0.12085, 0.67173  
0.24100, -0.71030, 0.11063, 0.65010, -0.67043, 0.11646, 0.67533  
0.24200, -0.71167, 0.10855, 0.64955, -0.67028, 0.11578, 0.66898  
0.24300, -0.71524, 0.11190, 0.64919, -0.66990, 0.11288, 0.67453  
0.24400, -0.71131, 0.10912, 0.64716, -0.67169, 0.10880, 0.67600  
0.24500, -0.71358, 0.11093, 0.64587, -0.66948, 0.10805, 0.67410  
0.24600, -0.71085, 0.10630, 0.64865, -0.67280, 0.10899, 0.67347  
0.24700, -0.71003, 0.10342, 0.64781, -0.67028, 0.11007, 0.67291  
0.24800, -0.70654, 0.10557, 0.64640, -0.66570, 0.11261, 0.67348  
0.24900, -0.71026, 0.10006, 0.64901, -0.66393, 0.10654, 0.67091  
0.25000, -0.70900, 0.09884, 0.64810, -0.66963, 0.10641, 0.67287  
0.25100, -0.71028, 0.10080, 0.64575, -0.66813, 0.10899, 0.67188  
0.25200, -0.71112, 0.09926, 0.64753, -0.67343, 0.10612, 0.67720  
0.25300, -0.70782, 0.09773, 0.64524, -0.66803, 0.10052, 0.67484  
0.25400, -0.71098, 0.09815, 0.65310, -0.67017, 0.10717, 0.67587  
0.25500, -0.71365, 0.09867, 0.65825, -0.66917, 0.10157, 0.68247  
0.25600, -0.70965, 0.09903, 0.65517, -0.66793, 0.10353, 0.67276  
0.25700, -0.71287, 0.09201, 0.65523, -0.67066, 0.09907, 0.68153  
0.25800, -0.70955, 0.09296, 0.65527, -0.66710, 0.09655, 0.67879  
0.25900, -0.71318, 0.08669, 0.65182, -0.67125, 0.09998, 0.67808  
0.26000, -0.70948, 0.08345, 0.65405, -0.66847, 0.09134, 0.67705  
0.26100, -0.70543, 0.07978, 0.65964, -0.66416, 0.09003, 0.68398  
0.26200, -0.70185, 0.08442, 0.66057, -0.66076, 0.09085, 0.68678  
0.26300, -0.70568, 0.08663, 0.65420, -0.66227, 0.09232, 0.68604  
0.26400, -0.70333, 0.08526, 0.65023, -0.66195, 0.09634, 0.67945  
0.26500, -0.70038, 0.08181, 0.64713, -0.66092, 0.09008, 0.68071  
0.26600, -0.70677, 0.07814, 0.64453, -0.66158, 0.09180, 0.68033  
0.26700, -0.70436, 0.07540, 0.64413, -0.66254, 0.08966, 0.68060  
0.26800, -0.70278, 0.07036, 0.64898, -0.65981, 0.08404, 0.68356  
0.26900, -0.70091, 0.07006, 0.65332, -0.66284, 0.08602, 0.68394  
0.27000, -0.70074, 0.06977, 0.65702, -0.66078, 0.08698, 0.68764  
0.27100, -0.70032, 0.06361, 0.65825, -0.65844, 0.08621, 0.69437  
0.27200, -0.69809, 0.06399, 0.65552, -0.65773, 0.08890, 0.69334  
0.27300, -0.70021, 0.06063, 0.65956, -0.66204, 0.08644, 0.68649  
0.27400, -0.69920, 0.06474, 0.65968, -0.65990, 0.09060, 0.69529  
0.27500, -0.70227, 0.06289, 0.65805, -0.66545, 0.08564, 0.69454  
0.27600, -0.70312, 0.06395, 0.65762, -0.65977, 0.08825, 0.69239  
0.27700, -0.69910, 0.06535, 0.65880, -0.65670, 0.08387, 0.69622  
0.27800, -0.69769, 0.06069, 0.66048, -0.65752, 0.08360, 0.69828  
0.27900, -0.70091, 0.05781, 0.65876, -0.66023, 0.08644, 0.69921  
0.28000, -0.69815, 0.05854, 0.65849, -0.65533, 0.09310, 0.69479  
0.28100, -0.69462, 0.05795, 0.65893, -0.65365, 0.08461, 0.69769  
0.28200, -0.69750, 0.05953, 0.65628, -0.65348, 0.08501, 0.69813  
0.28300, -0.69620, 0.05615, 0.66164, -0.65691, 0.08646, 0.70395  
0.28400, -0.69479, 0.05674, 0.66135, -0.65723, 0.09007, 0.70288  
0.28500, -0.69628, 0.05760, 0.66185, -0.65454, 0.08705, 0.70366  
0.28600, -0.70229, 0.05844, 0.66101, -0.65945, 0.08865, 0.70200  
0.28700, -0.69880, 0.05892, 0.66101, -0.66439, 0.09178, 0.69960  
0.28800, -0.70051, 0.06170, 0.65990, -0.65937, 0.08455, 0.70219  
0.28900, -0.70347, 0.06273, 0.66130, -0.65796, 0.08381, 0.70095  
0.29000, -0.70000, 0.06306, 0.66292, -0.66130, 0.09127, 0.69975  
0.29100, -0.69616, 0.06308, 0.66473, -0.65939, 0.08526, 0.70024  
0.29200, -0.70160, 0.06498, 0.66236, -0.66111, 0.08219, 0.70078  
0.29300, -0.70181, 0.06485, 0.66095, -0.65866, 0.08291, 0.70055  
0.29400, -0.69912, 0.06233, 0.66355, -0.65445, 0.08110, 0.70114  
0.29500, -0.69670, 0.06725, 0.66341, -0.66076, 0.08299, 0.70208  
0.29600, -0.69733, 0.06596, 0.66238, -0.66004, 0.08337, 0.69691  
0.29700, -0.70005, 0.06964, 0.66042, -0.66006, 0.07868, 0.70004  
0.29800, -0.70072, 0.07126, 0.66013, -0.66166, 0.08341, 0.69681  
0.29900, -0.69956, 0.07174, 0.65865, -0.65825, 0.07860, 0.69220  
0.30000, -0.70108, 0.07389, 0.65693, -0.66027, 0.08535, 0.69357  
0.30100, -0.70320, 0.07915, 0.65681, -0.66469, 0.08608, 0.68930  
0.30200, -0.70339, 0.08217, 0.65294, -0.66002, 0.08329, 0.69376  
0.30300, -0.70040, 0.08213, 0.64922, -0.65863, 0.08131, 0.69183  
0.30400, -0.70364, 0.08165, 0.65214, -0.66217, 0.08240, 0.68817  
0.30500, -0.70431, 0.08766, 0.64920, -0.66706, 0.08467, 0.68987  
0.30600, -0.70051, 0.08673, 0.65245, -0.65971, 0.08648, 0.68409  
0.30700, -0.70717, 0.08751, 0.64825, -0.66473, 0.08577, 0.68550  
0.30800, -0.70570, 0.08839, 0.65111, -0.66399, 0.08858, 0.68230  
0.30900, -0.70919, 0.08986, 0.64981, -0.66505, 0.08898, 0.68062  
0.31000, -0.70778, 0.09068, 0.65487, -0.66488, 0.08606, 0.68163  
0.31100, -0.71075, 0.08774, 0.65010, -0.66713, 0.08841, 0.67856  
0.31200, -0.71215, 0.08787, 0.65166, -0.66858, 0.08530, 0.67652  
0.31300, -0.71503, 0.08480, 0.65348, -0.67209, 0.08892, 0.67629  
0.31400, -0.71417, 0.08623, 0.65523, -0.67339, 0.08984, 0.68111  
0.31500, -0.71892, 0.08400, 0.65554, -0.67644, 0.08940, 0.67259  
0.31600, -0.71774, 0.08701, 0.65748, -0.67678, 0.09291, 0.67389  
0.31700, -0.72340, 0.08354, 0.65588, -0.68224, 0.09083, 0.67774  
0.31800, -0.72731, 0.08726, 0.65527, -0.68367, 0.09085, 0.66896  
0.31900, -0.72687, 0.08583, 0.65424, -0.67968, 0.09361, 0.67217  
0.32000, -0.72685, 0.08884, 0.65701, -0.68815, 0.08833, 0.67205  
0.32100, -0.72906, 0.08762, 0.65714, -0.69141, 0.09636, 0.66862  
0.32200, -0.73099, 0.08642, 0.65660, -0.68914, 0.09558, 0.66612  
0.32300, -0.73269, 0.08518, 0.66042, -0.68836, 0.09840, 0.66700  
0.32400, -0.72830, 0.08429, 0.66109, -0.69017, 0.09754, 0.66315  
0.32500, -0.73282, 0.08505, 0.65802, -0.69389, 0.09428, 0.66334  
0.32600, -0.73084, 0.08255, 0.66410, -0.69324, 0.09676, 0.66383  
0.32700, -0.73215, 0.08051, 0.66154, -0.69160, 0.09523, 0.66818  
0.32800, -0.72687, 0.08747, 0.66175, -0.68783, 0.09346, 0.66301  
0.32900, -0.73099, 0.08947, 0.66277, -0.69139, 0.09554, 0.66547  
0.33000, -0.73086, 0.08783, 0.66278, -0.69214, 0.09562, 0.66671  
0.33100, -0.73231, 0.08801, 0.66669, -0.69241, 0.09584, 0.66116  
0.33200, -0.73498, 0.09083, 0.66164, -0.69521, 0.09523, 0.66101  
0.33300, -0.73147, 0.09048, 0.66267, -0.68890, 0.09228, 0.66141  
0.33400, -0.73517, 0.08705, 0.65998, -0.69262, 0.09630, 0.66187  
0.33500, -0.73170, 0.09150, 0.66193, -0.69695, 0.09792, 0.65626  
0.33600, -0.72880, 0.09308, 0.65926, -0.69546, 0.09750, 0.65487  
0.33700, -0.72830, 0.08902, 0.66006, -0.69302, 0.09529, 0.65626  
0.33800, -0.72517, 0.08612, 0.66015, -0.68508, 0.08810, 0.66202  
0.33900, -0.72647, 0.09117, 0.66364, -0.68867, 0.08965, 0.66315  
0.34000, -0.72454, 0.08932, 0.66130, -0.68298, 0.08980, 0.66122  
0.34100, -0.72018, 0.08432, 0.65800, -0.68411, 0.09228, 0.65918  
0.34200, -0.71398, 0.08415, 0.65502, -0.67888, 0.08722, 0.66317  
0.34300, -0.71625, 0.08501, 0.65331, -0.67556, 0.08942, 0.66339  
0.34400, -0.71341, 0.08263, 0.65298, -0.67400, 0.08726, 0.66460  
0.34500, -0.71459, 0.08537, 0.64955, -0.67539, 0.08982, 0.66614  
0.34600, -0.71419, 0.08823, 0.65044, -0.67284, 0.08799, 0.66988  
0.34700, -0.71373, 0.08944, 0.65535, -0.67640, 0.09342, 0.67287  
0.34800, -0.71106, 0.09085, 0.65464, -0.67314, 0.09663, 0.67200  
0.34900, -0.71217, 0.09100, 0.65073, -0.67259, 0.09281, 0.67726  
0.35000, -0.70974, 0.09180, 0.64980, -0.67152, 0.08966, 0.67646  
0.35100, -0.70807, 0.08867, 0.65186, -0.66444, 0.09190, 0.68260  
0.35200, -0.71024, 0.08902, 0.65201, -0.66473, 0.09409, 0.68289  
0.35300, -0.70524, 0.09098, 0.65184, -0.65821, 0.09518, 0.68396  
0.35400, -0.70030, 0.09031, 0.64899, -0.65838, 0.09634, 0.68426  
0.35500, -0.69983, 0.08894, 0.65199, -0.66320, 0.09920, 0.68720  
0.35600, -0.69574, 0.09022, 0.65145, -0.65302, 0.09708, 0.68966  
0.35700, -0.69931, 0.08715, 0.65351, -0.65712, 0.09510, 0.68855  
0.35800, -0.69740, 0.09117, 0.65140, -0.65756, 0.09947, 0.69014  
0.35900, -0.69670, 0.08940, 0.65331, -0.65273, 0.10307, 0.69231  
0.36000, -0.69490, 0.09333, 0.64783, -0.65565, 0.10347, 0.69221  
0.36100, -0.69365, 0.09003, 0.64983, -0.65409, 0.10344, 0.69469  
0.36200, -0.69912, 0.09167, 0.64638, -0.65308, 0.10218, 0.69506  
0.36300, -0.69372, 0.09232, 0.65027, -0.65382, 0.10311, 0.69668  
0.36400, -0.69366, 0.09312, 0.64903, -0.64943, 0.10265, 0.70068  
0.36500, -0.69328, 0.09398, 0.64770, -0.65096, 0.10721, 0.70337  
0.36600, -0.69246, 0.09495, 0.64919, -0.65022, 0.10881, 0.69975  
0.36700, -0.69376, 0.09287, 0.64682, -0.65046, 0.10864, 0.70339  
0.36800, -0.69099, 0.09089, 0.64606, -0.64457, 0.11133, 0.70114  
0.36900, -0.68884, 0.08926, 0.64772, -0.65172, 0.11230, 0.69902  
0.37000, -0.69370, 0.09047, 0.64749, -0.65479, 0.11724, 0.70362  
0.37100, -0.68886, 0.09346, 0.65008, -0.65474, 0.11438, 0.70524  
0.37200, -0.69384, 0.09258, 0.65063, -0.65401, 0.11152, 0.70620  
0.37300, -0.69614, 0.08923, 0.65359, -0.65428, 0.11570, 0.70238  
0.37400, -0.69452, 0.09449, 0.65514, -0.64953, 0.11528, 0.70349  
0.37500, -0.69315, 0.09090, 0.65517, -0.65590, 0.12062, 0.70866  
0.37600, -0.69393, 0.09201, 0.65392, -0.65317, 0.11749, 0.70332  
0.37700, -0.69277, 0.09296, 0.65521, -0.64800, 0.11997, 0.70650  
0.37800, -0.69691, 0.09466, 0.65546, -0.65269, 0.12262, 0.70108  
0.37900, -0.69433, 0.09199, 0.65300, -0.65300, 0.12287, 0.70148  
0.38000, -0.69212, 0.08717, 0.65659, -0.65310, 0.11982, 0.69941  
0.38100, -0.69420, 0.08600, 0.65945, -0.64699, 0.11847, 0.69824  
0.38200, -0.69464, 0.08415, 0.65601, -0.65359, 0.12383, 0.69729  
0.38300, -0.69218, 0.08671, 0.65638, -0.65290, 0.12436, 0.69492  
0.38400, -0.69740, 0.08673, 0.65981, -0.65149, 0.12348, 0.69271  
0.38500, -0.69700, 0.08717, 0.65502, -0.65735, 0.12312, 0.69572  
0.38600, -0.69824, 0.08722, 0.65588, -0.65863, 0.12102, 0.69714  
0.38700, -0.70011, 0.08902, 0.65956, -0.65540, 0.12241, 0.69105  
0.38800, -0.69653, 0.09205, 0.65374, -0.65536, 0.12217, 0.68914  
0.38900, -0.69798, 0.09193, 0.65649, -0.65683, 0.12308, 0.68901  
0.39000, -0.70032, 0.08457, 0.65228, -0.65985, 0.12587, 0.68991  
0.39100, -0.70126, 0.08955, 0.65722, -0.66265, 0.12928, 0.68871  
0.39200, -0.70539, 0.09008, 0.65609, -0.66044, 0.12323, 0.68855  
0.39300, -0.70711, 0.08711, 0.65435, -0.66278, 0.12199, 0.68182  
0.39400, -0.70593, 0.08444, 0.65460, -0.66608, 0.12291, 0.68506  
0.39500, -0.70341, 0.09092, 0.65548, -0.66381, 0.12142, 0.68184  
0.39600, -0.70768, 0.08467, 0.65399, -0.66755, 0.12173, 0.67966  
0.39700, -0.70551, 0.08980, 0.65477, -0.66502, 0.11410, 0.67848  
0.39800, -0.70999, 0.08671, 0.65496, -0.66671, 0.11314, 0.68151  
0.39900, -0.70892, 0.08747, 0.65411, -0.66669, 0.11841, 0.67898  
0.40000, -0.70993, 0.08570, 0.65554, -0.67039, 0.11517, 0.67680  
0.40100, -0.71510, 0.08751, 0.65830, -0.67108, 0.11980, 0.67602  
0.40200, -0.70833, 0.08665, 0.66006, -0.67282, 0.10962, 0.67570  
0.40300, -0.71373, 0.08532, 0.66034, -0.67495, 0.11055, 0.67739  
0.40400, -0.71117, 0.08606, 0.66048, -0.66822, 0.11234, 0.67297  
0.40500, -0.71428, 0.08556, 0.65746, -0.67259, 0.10864, 0.67375  
0.40600, -0.71465, 0.08299, 0.65948, -0.67200, 0.11002, 0.67175  
0.40700, -0.71505, 0.07837, 0.65809, -0.66919, 0.10656, 0.67083  
0.40800, -0.71024, 0.07771, 0.65821, -0.67497, 0.10904, 0.67131  
0.40900, -0.71274, 0.07824, 0.66017, -0.67419, 0.10418, 0.67326  
0.41000, -0.71026, 0.07839, 0.66000, -0.67265, 0.10563, 0.67085  
0.41100, -0.71423, 0.07219, 0.66181, -0.66824, 0.10004, 0.67045  
0.41200, -0.71356, 0.07837, 0.66029, -0.67057, 0.10605, 0.67217  
0.41300, -0.71692, 0.07557, 0.65849, -0.67669, 0.10206, 0.67072  
0.41400, -0.71655, 0.07681, 0.66143, -0.67507, 0.09697, 0.67465  
0.41500, -0.71575, 0.08350, 0.65868, -0.67898, 0.10317, 0.67156  
0.41600, -0.71829, 0.08303, 0.65706, -0.67432, 0.09457, 0.66986  
0.41700, -0.71430, 0.08299, 0.65817, -0.67608, 0.09600, 0.67438  
0.41800, -0.71762, 0.08892, 0.65626, -0.67829, 0.09869, 0.67612  
0.41900, -0.71825, 0.08680, 0.65422, -0.67829, 0.10714, 0.66929  
0.42000, -0.72105, 0.09014, 0.65258, -0.68081, 0.09926, 0.66685  
0.42100, -0.72262, 0.09190, 0.65599, -0.68268, 0.10565, 0.67375  
0.42200, -0.72182, 0.08823, 0.65561, -0.68338, 0.09968, 0.67106  
0.42300, -0.71575, 0.09220, 0.65697, -0.67848, 0.09878, 0.67390  
0.42400, -0.71917, 0.08398, 0.65155, -0.67329, 0.09861, 0.67432  
0.42500, -0.71640, 0.08814, 0.65409, -0.67865, 0.10366, 0.67663  
0.42600, -0.71589, 0.08905, 0.65636, -0.67232, 0.10017, 0.66923  
0.42700, -0.71241, 0.09167, 0.65409, -0.66967, 0.09270, 0.67362  
0.42800, -0.71552, 0.09310, 0.65474, -0.67551, 0.10168, 0.67080  
0.42900, -0.71703, 0.09066, 0.65550, -0.67320, 0.09760, 0.67135  
0.43000, -0.71661, 0.08957, 0.65508, -0.67455, 0.10012, 0.67112  
0.43100, -0.72046, 0.09457, 0.65546, -0.67223, 0.09918, 0.67219  
0.43200, -0.71726, 0.09565, 0.65271, -0.67513, 0.09600, 0.67286  
0.43300, -0.71806, 0.09048, 0.65714, -0.67444, 0.10019, 0.67427  
0.43400, -0.71405, 0.09035, 0.65687, -0.67444, 0.09888, 0.67490  
0.43500, -0.71859, 0.08780, 0.65414, -0.67503, 0.09174, 0.67759  
0.43600, -0.71604, 0.09283, 0.65428, -0.67785, 0.09260, 0.68104  
0.43700, -0.71089, 0.08711, 0.65441, -0.66717, 0.09377, 0.68401  
0.43800, -0.71341, 0.08305, 0.65119, -0.66965, 0.09005, 0.68634  
0.43900, -0.71053, 0.08190, 0.65475, -0.66832, 0.08936, 0.68224  
0.44000, -0.70864, 0.07843, 0.65439, -0.66914, 0.09222, 0.68123  
0.44100, -0.70646, 0.07784, 0.65722, -0.67419, 0.09073, 0.68264  
0.44200, -0.71083, 0.07708, 0.65388, -0.67127, 0.09190, 0.68396  
0.44300, -0.70950, 0.07969, 0.65264, -0.67303, 0.09260, 0.68007  
0.44400, -0.71442, 0.07755, 0.65310, -0.67167, 0.09083, 0.68350  
0.44500, -0.71503, 0.08043, 0.65151, -0.67204, 0.08949, 0.68449  
0.44600, -0.71709, 0.07854, 0.65443, -0.67516, 0.09418, 0.68146  
0.44700, -0.71722, 0.08230, 0.65624, -0.67293, 0.09336, 0.67842  
0.44800, -0.71346, 0.07856, 0.65283, -0.67717, 0.09501, 0.68005  
0.44900, -0.71287, 0.07595, 0.65594, -0.67665, 0.09495, 0.67930  
0.45000, -0.71383, 0.07793, 0.65329, -0.67709, 0.09041, 0.67873  
0.45100, -0.71758, 0.07645, 0.65613, -0.67661, 0.09136, 0.68083  
0.45200, -0.71199, 0.07351, 0.65992, -0.67011, 0.08684, 0.68388  
0.45300, -0.71486, 0.07065, 0.66036, -0.67633, 0.08335, 0.68241  
0.45400, -0.70744, 0.06823, 0.66149, -0.66921, 0.08453, 0.68516  
0.45500, -0.70816, 0.06964, 0.66103, -0.67020, 0.08671, 0.68193  
0.45600, -0.71150, 0.06979, 0.65937, -0.66898, 0.07820, 0.68251  
0.45700, -0.70986, 0.06842, 0.66071, -0.66622, 0.07612, 0.68634  
0.45800, -0.71026, 0.06456, 0.65857, -0.67148, 0.07956, 0.68399  
0.45900, -0.70972, 0.06744, 0.65449, -0.67175, 0.08480, 0.68188  
0.46000, -0.70988, 0.06767, 0.65361, -0.66868, 0.08307, 0.68087  
0.46100, -0.71178, 0.06828, 0.65544, -0.66710, 0.07351, 0.68245  
0.46200, -0.71142, 0.07141, 0.65376, -0.66668, 0.07723, 0.68241  
0.46300, -0.70574, 0.07034, 0.65252, -0.66565, 0.07679, 0.67957  
0.46400, -0.70719, 0.06956, 0.65226, -0.66895, 0.08444, 0.68268  
0.46500, -0.70942, 0.07362, 0.65201, -0.66988, 0.08188, 0.67711  
0.46600, -0.71159, 0.07347, 0.65296, -0.67036, 0.08097, 0.67852  
0.46700, -0.70711, 0.07244, 0.65317, -0.66498, 0.08362, 0.68163  
0.46800, -0.70595, 0.07544, 0.65176, -0.66412, 0.08322, 0.67926  
0.46900, -0.70700, 0.07719, 0.65071, -0.66273, 0.08141, 0.68001  
0.47000, -0.70395, 0.08020, 0.65355, -0.66229, 0.08320, 0.68102  
0.47100, -0.70885, 0.07874, 0.65342, -0.66595, 0.08690, 0.67999  
0.47200, -0.70772, 0.07914, 0.65510, -0.66788, 0.08934, 0.68466  
0.47300, -0.70646, 0.08411, 0.65598, -0.66107, 0.08835, 0.68445  
0.47400, -0.70915, 0.08368, 0.65506, -0.66673, 0.09083, 0.68493  
0.47500, -0.71100, 0.08694, 0.65365, -0.67108, 0.10006, 0.68130  
0.47600, -0.70761, 0.08667, 0.64812, -0.66563, 0.09689, 0.68222  
0.47700, -0.70314, 0.08793, 0.65300, -0.66151, 0.09275, 0.68487  
0.47800, -0.70787, 0.08841, 0.65292, -0.66336, 0.10246, 0.68174  
0.47900, -0.70763, 0.08490, 0.64978, -0.66366, 0.09792, 0.68676  
0.48000, -0.70408, 0.08579, 0.64821, -0.66664, 0.10036, 0.68588  
0.48100, -0.70271, 0.08814, 0.65357, -0.66349, 0.10162, 0.68491  
0.48200, -0.70469, 0.08900, 0.65210, -0.66530, 0.10534, 0.68674  
0.48300, -0.70389, 0.09024, 0.65243, -0.66238, 0.10458, 0.69073  
0.48400, -0.70618, 0.08759, 0.65340, -0.66351, 0.10918, 0.68705  
0.48500, -0.70736, 0.08810, 0.65117, -0.66458, 0.10706, 0.69181  
0.48600, -0.70717, 0.08837, 0.65739, -0.66795, 0.10691, 0.69094  
0.48700, -0.70372, 0.08896, 0.65388, -0.66566, 0.10757, 0.69336  
0.48800, -0.70246, 0.08841, 0.65670, -0.66442, 0.11049, 0.69260  
0.48900, -0.70278, 0.08629, 0.65809, -0.66324, 0.10948, 0.69185  
0.49000, -0.70719, 0.08602, 0.65588, -0.65741, 0.11160, 0.69141  
0.49100, -0.70143, 0.08423, 0.65783, -0.66109, 0.10893, 0.69756  
0.49200, -0.70272, 0.08677, 0.65563, -0.65723, 0.10777, 0.69334  
0.49300, -0.70070, 0.08324, 0.65681, -0.65931, 0.10813, 0.69435  
0.49400, -0.70120, 0.08806, 0.65701, -0.66404, 0.11150, 0.69498  
0.49500, -0.70503, 0.08770, 0.65662, -0.66198, 0.11045, 0.69269  
0.49600, -0.70070, 0.08961, 0.65456, -0.66202, 0.10818, 0.69515  
0.49700, -0.70524, 0.08751, 0.65418, -0.65887, 0.10935, 0.69317  
0.49800, -0.70215, 0.08823, 0.65586, -0.65561, 0.11349, 0.68811  
0.49900, -0.70461, 0.09109, 0.65418, -0.66309, 0.11169, 0.68842  
0.50000, -0.70400, 0.08959, 0.65548, -0.66008, 0.11593, 0.68949  
0.50100, -0.70190, 0.09384, 0.65752, -0.66549, 0.11072, 0.69260  
0.50200, -0.70412, 0.09169, 0.65779, -0.66086, 0.10988, 0.68815  
0.50300, -0.70225, 0.09150, 0.65615, -0.66027, 0.11288, 0.68708  
0.50400, -0.70229, 0.09092, 0.65878, -0.66498, 0.11425, 0.68829  
0.50500, -0.70288, 0.09195, 0.65741, -0.66103, 0.11391, 0.68449  
0.50600, -0.70496, 0.09832, 0.65943, -0.66080, 0.11457, 0.68348  
0.50700, -0.70715, 0.10122, 0.65722, -0.66467, 0.12024, 0.68134  
0.50800, -0.70559, 0.10582, 0.66076, -0.66479, 0.11934, 0.68388  
0.50900, -0.70436, 0.10786, 0.65695, -0.66805, 0.12358, 0.68319  
0.51000, -0.70683, 0.10529, 0.65525, -0.66566, 0.12131, 0.68117  
0.51100, -0.70520, 0.10912, 0.65414, -0.66086, 0.12129, 0.68005  
0.51200, -0.70633, 0.11045, 0.65378, -0.66328, 0.12444, 0.67951  
0.51300, -0.71064, 0.11019, 0.65250, -0.66952, 0.12327, 0.67642  
0.51400, -0.70621, 0.11177, 0.65849, -0.66837, 0.12356, 0.67751  
0.51500, -0.70730, 0.10803, 0.65636, -0.66824, 0.11738, 0.67892  
0.51600, -0.71079, 0.11158, 0.65641, -0.66711, 0.12476, 0.67839  
0.51700, -0.71272, 0.10927, 0.65847, -0.67055, 0.12302, 0.68031  
0.51800, -0.71337, 0.10809, 0.65815, -0.66671, 0.12629, 0.67842  
0.51900, -0.71329, 0.10939, 0.65977, -0.67486, 0.12379, 0.67987  
0.52000, -0.71066, 0.10908, 0.65876, -0.67316, 0.12360, 0.67831  
0.52100, -0.71106, 0.10733, 0.65702, -0.67297, 0.12516, 0.67543  
0.52200, -0.71358, 0.10122, 0.65664, -0.67173, 0.12367, 0.67547  
0.52300, -0.70969, 0.10180, 0.65603, -0.67120, 0.11724, 0.67440  
0.52400, -0.71014, 0.09832, 0.65435, -0.66467, 0.11517, 0.67612  
0.52500, -0.71152, 0.09781, 0.65781, -0.66641, 0.11545, 0.67896  
0.52600, -0.71079, 0.09598, 0.65670, -0.66807, 0.11425, 0.67541  
0.52700, -0.71154, 0.09333, 0.65489, -0.66874, 0.11402, 0.67648  
0.52800, -0.71117, 0.09218, 0.65456, -0.66902, 0.11402, 0.67171  
0.52900, -0.70686, 0.09283, 0.66084, -0.66648, 0.11179, 0.67675  
0.53000, -0.71161, 0.08581, 0.65924, -0.67245, 0.11242, 0.67419  
0.53100, -0.71278, 0.08875, 0.65918, -0.66549, 0.10952, 0.67152  
0.53200, -0.71106, 0.08255, 0.65891, -0.67085, 0.10441, 0.67335  
0.53300, -0.70778, 0.08720, 0.66301, -0.66957, 0.10843, 0.67713  
0.53400, -0.71020, 0.08760, 0.66010, -0.66881, 0.10267, 0.67602  
0.53500, -0.71285, 0.08640, 0.65376, -0.66805, 0.10494, 0.67331  
0.53600, -0.71915, 0.08873, 0.64829, -0.67471, 0.10277, 0.67015  
0.53700, -0.71873, 0.08806, 0.64522, -0.67638, 0.10244, 0.67125  
0.53800, -0.71882, 0.08381, 0.64636, -0.67694, 0.10132, 0.66978  
0.53900, -0.71985, 0.08474, 0.64629, -0.67972, 0.10056, 0.66282  
0.54000, -0.71871, 0.08160, 0.64667, -0.67377, 0.09937, 0.66853  
0.54100, -0.71470, 0.08356, 0.64915, -0.67171, 0.09575, 0.66994  
0.54200, -0.71413, 0.08356, 0.65035, -0.67677, 0.09159, 0.67238  
0.54300, -0.71249, 0.08062, 0.65416, -0.67533, 0.09407, 0.66959  
0.54400, -0.71060, 0.08169, 0.65731, -0.67093, 0.08945, 0.67688  
0.54500, -0.71609, 0.07967, 0.65956, -0.67770, 0.08789, 0.67739  
0.54600, -0.71665, 0.08047, 0.66057, -0.67993, 0.08905, 0.67354  
0.54700, -0.71457, 0.08123, 0.66137, -0.68199, 0.08720, 0.68193  
0.54800, -0.71915, 0.07702, 0.65966, -0.67711, 0.08591, 0.68068  
0.54900, -0.71930, 0.07524, 0.65672, -0.67608, 0.07832, 0.68167  
0.55000, -0.71943, 0.07309, 0.65670, -0.68130, 0.08160, 0.67904  
0.55100, -0.71819, 0.07055, 0.65590, -0.67764, 0.08055, 0.67989  
0.55200, -0.71203, 0.06397, 0.65552, -0.67604, 0.07376, 0.67907  
0.55300, -0.71388, 0.06128, 0.65750, -0.67183, 0.07004, 0.68817  
0.55400, -0.71428, 0.06283, 0.65502, -0.67530, 0.07498, 0.67926  
0.55500, -0.71285, 0.05737, 0.64878, -0.67122, 0.06941, 0.68098  
0.55600, -0.71932, 0.05285, 0.64671, -0.67316, 0.06519, 0.67949  
0.55700, -0.71289, 0.04816, 0.64621, -0.67856, 0.06647, 0.68148  
0.55800, -0.71257, 0.04499, 0.64783, -0.67274, 0.06361, 0.67898  
0.55900, -0.71619, 0.03920, 0.65109, -0.67068, 0.05917, 0.68470  
0.56000, -0.71323, 0.03733, 0.65128, -0.67583, 0.06140, 0.68317  
0.56100, -0.71312, 0.03578, 0.65937, -0.67286, 0.06239, 0.68542  
0.56200, -0.71499, 0.03309, 0.66406, -0.66994, 0.05745, 0.68817  
0.56300, -0.71257, 0.03426, 0.66170, -0.67312, 0.05276, 0.69654  
0.56400, -0.71358, 0.03839, 0.66504, -0.66936, 0.05463, 0.69361  
0.56500, -0.71217, 0.03529, 0.66202, -0.66910, 0.05711, 0.69653  
0.56600, -0.71028, 0.04051, 0.66511, -0.66780, 0.05459, 0.69605  
0.56700, -0.71178, 0.04421, 0.66214, -0.66881, 0.06044, 0.69370  
0.56800, -0.70765, 0.04433, 0.66236, -0.66700, 0.06409, 0.69441  
0.56900, -0.70284, 0.04847, 0.65920, -0.66389, 0.05880, 0.69384  
0.57000, -0.70457, 0.05003, 0.65763, -0.65939, 0.05793, 0.69267  
0.57100, -0.70221, 0.05203, 0.65693, -0.66198, 0.06542, 0.68819  
0.57200, -0.70272, 0.05606, 0.65645, -0.66357, 0.06634, 0.68590  
0.57300, -0.70160, 0.05516, 0.65424, -0.66235, 0.06170, 0.68830  
0.57400, -0.70288, 0.05791, 0.65548, -0.66387, 0.06798, 0.69220  
0.57500, -0.70463, 0.06712, 0.65521, -0.66553, 0.07212, 0.68373  
0.57600, -0.70261, 0.06620, 0.65693, -0.66620, 0.07269, 0.68777  
0.57700, -0.70526, 0.06659, 0.65458, -0.66057, 0.07069, 0.69235  
0.57800, -0.70366, 0.06899, 0.65693, -0.66698, 0.07509, 0.69231  
0.57900, -0.70524, 0.06897, 0.65342, -0.65861, 0.07254, 0.69235  
0.58000, -0.70374, 0.07095, 0.65426, -0.65826, 0.07595, 0.69654  
0.58100, -0.70030, 0.07538, 0.65636, -0.66181, 0.08114, 0.69387  
0.58200, -0.70688, 0.08383, 0.65384, -0.66513, 0.08024, 0.69159  
0.58300, -0.70696, 0.08766, 0.65460, -0.66593, 0.08387, 0.69139  
0.58400, -0.71194, 0.08974, 0.65611, -0.66862, 0.08823, 0.68735  
0.58500, -0.71404, 0.09153, 0.65645, -0.67059, 0.08884, 0.69023  
0.58600, -0.71220, 0.09418, 0.65584, -0.67066, 0.09434, 0.68499  
0.58700, -0.70890, 0.09464, 0.65495, -0.66849, 0.09474, 0.68800  
0.58800, -0.71194, 0.10027, 0.65338, -0.66950, 0.09758, 0.68462  
0.58900, -0.71375, 0.09832, 0.65613, -0.66969, 0.09932, 0.68319  
0.59000, -0.71291, 0.10258, 0.65529, -0.67390, 0.10283, 0.68340  
0.59100, -0.71186, 0.10586, 0.65506, -0.67577, 0.10624, 0.68060  
0.59200, -0.71335, 0.10641, 0.65548, -0.66885, 0.10893, 0.68279  
0.59300, -0.71417, 0.10548, 0.66063, -0.66776, 0.11227, 0.68216  
0.59400, -0.71226, 0.10651, 0.65880, -0.67099, 0.11051, 0.68396  
0.59500, -0.71404, 0.11003, 0.66010, -0.67234, 0.11719, 0.67892  
0.59600, -0.71161, 0.10851, 0.66317, -0.67898, 0.11959, 0.68182  
0.59700, -0.71417, 0.10956, 0.66439, -0.67837, 0.11627, 0.68190  
0.59800, -0.71442, 0.11251, 0.66183, -0.67467, 0.11864, 0.67822  
0.59900, -0.71632, 0.10883, 0.65815, -0.67839, 0.11976, 0.68026  
0.60000, -0.71548, 0.11030, 0.65771, -0.67421, 0.12394, 0.67873  
0.60100, -0.71548, 0.10263, 0.65693, -0.67221, 0.12106, 0.68029  
0.60200, -0.71413, 0.10868, 0.65880, -0.67156, 0.12749, 0.67661  
0.60300, -0.71285, 0.10647, 0.65409, -0.67017, 0.12043, 0.68243  
0.60400, -0.71110, 0.10981, 0.65380, -0.67211, 0.12449, 0.67974  
0.60500, -0.71220, 0.10681, 0.65228, -0.66677, 0.12728, 0.67497  
0.60600, -0.71547, 0.10824, 0.65556, -0.67240, 0.12997, 0.67801  
0.60700, -0.71386, 0.10904, 0.65660, -0.67142, 0.13103, 0.68037  
0.60800, -0.70660, 0.10733, 0.65422, -0.67175, 0.13023, 0.68380  
0.60900, -0.70770, 0.11213, 0.65681, -0.66771, 0.13351, 0.67673  
0.61000, -0.70021, 0.11026, 0.65287, -0.66208, 0.13184, 0.68039  
0.61100, -0.70690, 0.10981, 0.65132, -0.65945, 0.13348, 0.67802  
0.61200, -0.70583, 0.11480, 0.65544, -0.66790, 0.13138, 0.68012  
0.61300, -0.70406, 0.11398, 0.65077, -0.66477, 0.12602, 0.68422  
0.61400, -0.70486, 0.11023, 0.65220, -0.66391, 0.13540, 0.67827  
0.61500, -0.70589, 0.10862, 0.65695, -0.66372, 0.13145, 0.68148  
0.61600, -0.70555, 0.11036, 0.65393, -0.66660, 0.13498, 0.68068  
0.61700, -0.70169, 0.10521, 0.65426, -0.65920, 0.13166, 0.68161  
0.61800, -0.70772, 0.10527, 0.65077, -0.66238, 0.13229, 0.68356  
0.61900, -0.70553, 0.10416, 0.65151, -0.65834, 0.13430, 0.67286  
0.62000, -0.70364, 0.10502, 0.65256, -0.66372, 0.13023, 0.68260  
0.62100, -0.70656, 0.10281, 0.65508, -0.66017, 0.13092, 0.68048  
0.62200, -0.70295, 0.10666, 0.65495, -0.66408, 0.12762, 0.68205  
0.62300, -0.70183, 0.10559, 0.65634, -0.66380, 0.12789, 0.68417  
0.62400, -0.70631, 0.09783, 0.65298, -0.66517, 0.12619, 0.68167  
0.62500, -0.70269, 0.09848, 0.65580, -0.66357, 0.13004, 0.67797  
0.62600, -0.70478, 0.10035, 0.65836, -0.66319, 0.12939, 0.68102  
0.62700, -0.70610, 0.09783, 0.65926, -0.66748, 0.12337, 0.68521  
0.62800, -0.70606, 0.09655, 0.65777, -0.66631, 0.12316, 0.68495  
0.62900, -0.70307, 0.09466, 0.65550, -0.65809, 0.11627, 0.68502  
0.63000, -0.69811, 0.09226, 0.65590, -0.66374, 0.12302, 0.67842  
0.63100, -0.70190, 0.09207, 0.65765, -0.66092, 0.11692, 0.68495  
0.63200, -0.70118, 0.09111, 0.65569, -0.66341, 0.11543, 0.68369  
0.63300, -0.70343, 0.08680, 0.66050, -0.65880, 0.11751, 0.68581  
0.63400, -0.70015, 0.08556, 0.66072, -0.66233, 0.11532, 0.67945  
0.63500, -0.69899, 0.08671, 0.65748, -0.65990, 0.11263, 0.68628  
0.63600, -0.70152, 0.08659, 0.65641, -0.66147, 0.11173, 0.67966  
0.63700, -0.70269, 0.08734, 0.65538, -0.65657, 0.10639, 0.68329  
0.63800, -0.69859, 0.08919, 0.65527, -0.66109, 0.10872, 0.68651  
0.63900, -0.69910, 0.08835, 0.65245, -0.66145, 0.10601, 0.68813  
0.64000, -0.70408, 0.09092, 0.65302, -0.66444, 0.10799, 0.68415  
0.64100, -0.70131, 0.09314, 0.65155, -0.66278, 0.10651, 0.68493  
0.64200, -0.70133, 0.09378, 0.65538, -0.66570, 0.10498, 0.68567  
0.64300, -0.70681, 0.09699, 0.65388, -0.66141, 0.10397, 0.68853  
0.64400, -0.69918, 0.09686, 0.65346, -0.66154, 0.10302, 0.68712  
0.64500, -0.70145, 0.10347, 0.64829, -0.65912, 0.10368, 0.68459  
0.64600, -0.70217, 0.09806, 0.64856, -0.65754, 0.10092, 0.68548  
0.64700, -0.70034, 0.09241, 0.65168, -0.65613, 0.10008, 0.68441  
0.64800, -0.69857, 0.09216, 0.64907, -0.66084, 0.09502, 0.68575  
0.64900, -0.70362, 0.08528, 0.65109, -0.66303, 0.10145, 0.68703  
0.65000, -0.70747, 0.08190, 0.65220, -0.66339, 0.09457, 0.69223  
0.65100, -0.70320, 0.08089, 0.65557, -0.66856, 0.09182, 0.68922  
0.65200, -0.70192, 0.07296, 0.65243, -0.65823, 0.08911, 0.68995  
0.65300, -0.69889, 0.06546, 0.65233, -0.65823, 0.08564, 0.69040  
0.65400, -0.69538, 0.05806, 0.65126, -0.65754, 0.08850, 0.68865  
0.65500, -0.69778, 0.03822, 0.65342, -0.65145, 0.07288, 0.68613  
0.65600, -0.69483, 0.02798, 0.64762, -0.65577, 0.06907, 0.68863  
0.65700, -0.69723, 0.02954, 0.65107, -0.66618, 0.07681, 0.68966  
0.65800, -0.70896, 0.04648, 0.66473, -0.67425, 0.08305, 0.69851  
0.65900, -0.71888, 0.07772, 0.67314, -0.68277, 0.09779, 0.70175  
0.66000, -0.72802, 0.09165, 0.68565, -0.68323, 0.10044, 0.70711  
0.66100, -0.73177, 0.09041, 0.68810, -0.68821, 0.09748, 0.70892  
0.66200, -0.72216, 0.07063, 0.67616, -0.68201, 0.08671, 0.70402  
0.66300, -0.71972, 0.06260, 0.67669, -0.67791, 0.07849, 0.69941  
0.66400, -0.71012, 0.04385, 0.67524, -0.66933, 0.07818, 0.69668  
0.66500, -0.70898, 0.03466, 0.67060, -0.66669, 0.07006, 0.69359  
0.66600, -0.70713, 0.03065, 0.66286, -0.66311, 0.06319, 0.69187  
0.66700, -0.70591, 0.02615, 0.66154, -0.66547, 0.05329, 0.69132  
0.66800, -0.70415, 0.02520, 0.66000, -0.66067, 0.05243, 0.68447  
0.66900, -0.70532, 0.02340, 0.65632, -0.66019, 0.05051, 0.68111  
0.67000, -0.70425, 0.01934, 0.65826, -0.65819, 0.05320, 0.67751  
0.67100, -0.70356, 0.02157, 0.65409, -0.65926, 0.04885, 0.67564  
0.67200, -0.69969, 0.02857, 0.65411, -0.65859, 0.04747, 0.68094  
0.67300, -0.69979, 0.02987, 0.65166, -0.65622, 0.04858, 0.68640  
0.67400, -0.70112, 0.03359, 0.65844, -0.65908, 0.04522, 0.68939  
0.67500, -0.69813, 0.03984, 0.66111, -0.66120, 0.05104, 0.68396  
0.67600, -0.69967, 0.04282, 0.66278, -0.65752, 0.05465, 0.67966  
0.67700, -0.70087, 0.04404, 0.66376, -0.66442, 0.05497, 0.68216  
0.67800, -0.70412, 0.04744, 0.66301, -0.66597, 0.05621, 0.67860  
0.67900, -0.70644, 0.04940, 0.66236, -0.66589, 0.05714, 0.68321  
0.68000, -0.70786, 0.04944, 0.66589, -0.66772, 0.05871, 0.68506  
0.68100, -0.70890, 0.05337, 0.66347, -0.66929, 0.05610, 0.68581  
0.68200, -0.70560, 0.05795, 0.66484, -0.66751, 0.06100, 0.68312  
0.68300, -0.70784, 0.06073, 0.66189, -0.67110, 0.06329, 0.68552  
0.68400, -0.71295, 0.05997, 0.65989, -0.67026, 0.06615, 0.68325  
0.68500, -0.71074, 0.06739, 0.65584, -0.66837, 0.06344, 0.68581  
0.68600, -0.71049, 0.07048, 0.66006, -0.67354, 0.06737, 0.69101  
0.68700, -0.71075, 0.07582, 0.65887, -0.67543, 0.06687, 0.68813  
0.68800, -0.71642, 0.07616, 0.66114, -0.67575, 0.07120, 0.68640  
0.68900, -0.71571, 0.08146, 0.66202, -0.67642, 0.07196, 0.68758  
0.69000, -0.71594, 0.08785, 0.66294, -0.67572, 0.07532, 0.68817  
0.69100, -0.71323, 0.08598, 0.66637, -0.67938, 0.07769, 0.69147  
0.69200, -0.71800, 0.09180, 0.66671, -0.67633, 0.08615, 0.69233  
0.69300, -0.71806, 0.09731, 0.66231, -0.67337, 0.08121, 0.69145  
0.69400, -0.72107, 0.09888, 0.65924, -0.67196, 0.08636, 0.69435  
0.69500, -0.71440, 0.10338, 0.66046, -0.67511, 0.08734, 0.68933  
0.69600, -0.71402, 0.10426, 0.65943, -0.66872, 0.08987, 0.68617  
0.69700, -0.71283, 0.10746, 0.65624, -0.67455, 0.09296, 0.69218  
0.69800, -0.71114, 0.10342, 0.66013, -0.67408, 0.09077, 0.68745  
0.69900, -0.71352, 0.10242, 0.65783, -0.66822, 0.09739, 0.68550  
0.70000, -0.70824, 0.10319, 0.65647, -0.66874, 0.09504, 0.68817  
0.70100, -0.71121, 0.09829, 0.65996, -0.66723, 0.09691, 0.69088  
0.70200, -0.70795, 0.09718, 0.65434, -0.66858, 0.09743, 0.68922  
0.70300, -0.70650, 0.09720, 0.65502, -0.66317, 0.09510, 0.69025  
0.70400, -0.70549, 0.09624, 0.65308, -0.66418, 0.09624, 0.68729  
0.70500, -0.70473, 0.09371, 0.64997, -0.66385, 0.10113, 0.68541  
0.70600, -0.70427, 0.09171, 0.65092, -0.66544, 0.10439, 0.68680  
0.70700, -0.70709, 0.09211, 0.64859, -0.66036, 0.10090, 0.68384  
0.70800, -0.70566, 0.09314, 0.65315, -0.66059, 0.10483, 0.67968  
0.70900, -0.70177, 0.08934, 0.64812, -0.66196, 0.10340, 0.68060  
0.71000, -0.70240, 0.08959, 0.64854, -0.65783, 0.10344, 0.68293  
0.71100, -0.70345, 0.09005, 0.64875, -0.66299, 0.10717, 0.68171  
0.71200, -0.70303, 0.08858, 0.65113, -0.66397, 0.10954, 0.67963  
0.71300, -0.70599, 0.08520, 0.64901, -0.67024, 0.11042, 0.67812  
0.71400, -0.70339, 0.08556, 0.64840, -0.66084, 0.11377, 0.67539  
0.71500, -0.70538, 0.08274, 0.65189, -0.66275, 0.11280, 0.68018  
0.71600, -0.70383, 0.08427, 0.65081, -0.65872, 0.10538, 0.68024  
0.71700, -0.69832, 0.08526, 0.65050, -0.66105, 0.10639, 0.67738  
0.71800, -0.70559, 0.08814, 0.65468, -0.66072, 0.10935, 0.68027  
0.71900, -0.70465, 0.09085, 0.65737, -0.66732, 0.11066, 0.68178  
0.72000, -0.71167, 0.08615, 0.65617, -0.66549, 0.11528, 0.68031  
0.72100, -0.70932, 0.08835, 0.65649, -0.66727, 0.11063, 0.68283  
0.72200, -0.70444, 0.09089, 0.65716, -0.66961, 0.11646, 0.67659  
0.72300, -0.71077, 0.09031, 0.65655, -0.66353, 0.10878, 0.68115  
0.72400, -0.70789, 0.09230, 0.65613, -0.66986, 0.11484, 0.67755  
0.72500, -0.70797, 0.09203, 0.65920, -0.67209, 0.11948, 0.67888  
0.72600, -0.71060, 0.09615, 0.65895, -0.67125, 0.11482, 0.67947  
0.72700, -0.71455, 0.09623, 0.65626, -0.66866, 0.11440, 0.68108  
0.72800, -0.71878, 0.09119, 0.65704, -0.66948, 0.11499, 0.68102  
0.72900, -0.71106, 0.09350, 0.65802, -0.67291, 0.11515, 0.68169  
0.73000, -0.71632, 0.09607, 0.66214, -0.67831, 0.11780, 0.68129  
0.73100, -0.71377, 0.09323, 0.66250, -0.67436, 0.11669, 0.68220  
0.73200, -0.71064, 0.09668, 0.66162, -0.67593, 0.11335, 0.68602  
0.73300, -0.70698, 0.09352, 0.66240, -0.66828, 0.11133, 0.67862  
0.73400, -0.70789, 0.09226, 0.66551, -0.66597, 0.11274, 0.68289  
0.73500, -0.70581, 0.09853, 0.66267, -0.66458, 0.11190, 0.68127  
0.73600, -0.70454, 0.09754, 0.65334, -0.66385, 0.11126, 0.68344  
0.73700, -0.70681, 0.09781, 0.64960, -0.66519, 0.11049, 0.67627  
0.73800, -0.70570, 0.09830, 0.65094, -0.66978, 0.11158, 0.67642  
0.73900, -0.70959, 0.09808, 0.64749, -0.66622, 0.11015, 0.67661  
0.74000, -0.70414, 0.09537, 0.64777, -0.66744, 0.11080, 0.68211  
0.74100, -0.70671, 0.09499, 0.64878, -0.66633, 0.10645, 0.68163  
0.74200, -0.70158, 0.08821, 0.65042, -0.66498, 0.11028, 0.68361  
0.74300, -0.70265, 0.09045, 0.65393, -0.66151, 0.10994, 0.68560  
0.74400, -0.70354, 0.08547, 0.65418, -0.65962, 0.11057, 0.68279  
0.74500, -0.70101, 0.08492, 0.65304, -0.65523, 0.10530, 0.69069  
0.74600, -0.69637, 0.09035, 0.65649, -0.65926, 0.10820, 0.68884  
0.74700, -0.69628, 0.08183, 0.65783, -0.65725, 0.11070, 0.68853  
0.74800, -0.69719, 0.08242, 0.65920, -0.65729, 0.10836, 0.69218  
0.74900, -0.69492, 0.08379, 0.65538, -0.65987, 0.10906, 0.68838  
0.75000, -0.69389, 0.07845, 0.65563, -0.65744, 0.11068, 0.69078  
0.75100, -0.69487, 0.07982, 0.65578, -0.65388, 0.10778, 0.68924  
0.75200, -0.69551, 0.08057, 0.65367, -0.65294, 0.10546, 0.69046  
0.75300, -0.69561, 0.07992, 0.65004, -0.65180, 0.10881, 0.69201  
0.75400, -0.69611, 0.08135, 0.65428, -0.65069, 0.10958, 0.68947  
0.75500, -0.69683, 0.07845, 0.65310, -0.65100, 0.10824, 0.69103  
0.75600, -0.69143, 0.07889, 0.65496, -0.65584, 0.11137, 0.68909  
0.75700, -0.69839, 0.08230, 0.65472, -0.65584, 0.10633, 0.69393  
0.75800, -0.69427, 0.08078, 0.65121, -0.65466, 0.10620, 0.69506  
0.75900, -0.69994, 0.07732, 0.65201, -0.65502, 0.11114, 0.69008  
0.76000, -0.69885, 0.07610, 0.64966, -0.65956, 0.11196, 0.69302  
0.76100, -0.69662, 0.07849, 0.64924, -0.65706, 0.10733, 0.69424  
0.76200, -0.70076, 0.07710, 0.65241, -0.65536, 0.10984, 0.69038  
0.76300, -0.69925, 0.07584, 0.65592, -0.65813, 0.11526, 0.69359  
0.76400, -0.69788, 0.07217, 0.65510, -0.65821, 0.11187, 0.69105  
0.76500, -0.69813, 0.06924, 0.65434, -0.65392, 0.11042, 0.69159  
0.76600, -0.69504, 0.06994, 0.65840, -0.65874, 0.11271, 0.69059  
0.76700, -0.69651, 0.07332, 0.65701, -0.65390, 0.11282, 0.69120  
0.76800, -0.69668, 0.06805, 0.65575, -0.65536, 0.11507, 0.69077  
0.76900, -0.69584, 0.06588, 0.65712, -0.65514, 0.11683, 0.69029  
0.77000, -0.69241, 0.06170, 0.66145, -0.65676, 0.11213, 0.69023  
0.77100, -0.69530, 0.06132, 0.66063, -0.65365, 0.10847, 0.69405  
0.77200, -0.69443, 0.06199, 0.65922, -0.65525, 0.11339, 0.69166  
0.77300, -0.69479, 0.05945, 0.66050, -0.65290, 0.10908, 0.69033  
0.77400, -0.69893, 0.05703, 0.65821, -0.65428, 0.11499, 0.68830  
0.77500, -0.69805, 0.05827, 0.65697, -0.65853, 0.10979, 0.69130  
0.77600, -0.69271, 0.05951, 0.65664, -0.65723, 0.11003, 0.69357  
0.77700, -0.69597, 0.06035, 0.65611, -0.65725, 0.10962, 0.68371  
0.77800, -0.69462, 0.05772, 0.65432, -0.65556, 0.11215, 0.68571  
0.77900, -0.69962, 0.05981, 0.65165, -0.66006, 0.11456, 0.68434  
0.78000, -0.69975, 0.06533, 0.65456, -0.65828, 0.11435, 0.68523  
0.78100, -0.69712, 0.06773, 0.65641, -0.66046, 0.11438, 0.68277  
0.78200, -0.70251, 0.07135, 0.65878, -0.66174, 0.11663, 0.68626  
0.78300, -0.69975, 0.07149, 0.65649, -0.66078, 0.11375, 0.68285  
0.78400, -0.70658, 0.07034, 0.65447, -0.66061, 0.11351, 0.68409  
0.78500, -0.70601, 0.07011, 0.65504, -0.66519, 0.11282, 0.68293  
0.78600, -0.70055, 0.06760, 0.65649, -0.66050, 0.11209, 0.68050  
0.78700, -0.69925, 0.06870, 0.65756, -0.65575, 0.10941, 0.68159  
0.78800, -0.70097, 0.07053, 0.65807, -0.65918, 0.11482, 0.68037  
0.78900, -0.69672, 0.07027, 0.65933, -0.66425, 0.11080, 0.68439  
0.79000, -0.69715, 0.07166, 0.66170, -0.65960, 0.10721, 0.68499  
0.79100, -0.69954, 0.07586, 0.66391, -0.66181, 0.11065, 0.68108  
0.79200, -0.70177, 0.07471, 0.66000, -0.65929, 0.10998, 0.68233  
0.79300, -0.69756, 0.07244, 0.64840, -0.65516, 0.11040, 0.67938  
0.79400, -0.69736, 0.01774, 0.65544, -0.65552, 0.10221, 0.66462  
0.79500, -0.69233, 0.01795, 0.65128, -0.64781, 0.07463, 0.67963  
0.79600, -0.71020, 0.09073, 0.64745, -0.67032, 0.09451, 0.68775  
0.79700, -0.73187, 0.11446, 0.66422, -0.69656, 0.14277, 0.67377  
0.79800, -0.73883, 0.14215, 0.67247, -0.69929, 0.15484, 0.68319  
0.79900, -0.73668, 0.15068, 0.67074, -0.69242, 0.12918, 0.69014  
0.80000, -0.72546, 0.13470, 0.67049, -0.68172, 0.12478, 0.69450  
0.80100, -0.72065, 0.12114, 0.67570, -0.67970, 0.12501, 0.68506  
0.80200, -0.71444, 0.11198, 0.67095, -0.66637, 0.11585, 0.68104  
0.80300, -0.71096, 0.09886, 0.66092, -0.67036, 0.11179, 0.68535  
0.80400, -0.70732, 0.08965, 0.66296, -0.66412, 0.10511, 0.68857  
0.80500, -0.70515, 0.08432, 0.66343, -0.66446, 0.10265, 0.69063  
0.80600, -0.70425, 0.08966, 0.67217, -0.66187, 0.09899, 0.68754  
0.80700, -0.69725, 0.08574, 0.66507, -0.66399, 0.10210, 0.68457  
0.80800, -0.70372, 0.08234, 0.65281, -0.65924, 0.09676, 0.67778  
0.80900, -0.70415, 0.08305, 0.65353, -0.66444, 0.09588, 0.67951  
0.81000, -0.70305, 0.08469, 0.64726, -0.65763, 0.09260, 0.68550  
0.81100, -0.69704, 0.08799, 0.64894, -0.66240, 0.09293, 0.69073  
0.81200, -0.69426, 0.09386, 0.65401, -0.66189, 0.09600, 0.69494  
0.81300, -0.69767, 0.10048, 0.65571, -0.65832, 0.09756, 0.69212  
0.81400, -0.69935, 0.10159, 0.65729, -0.65893, 0.10525, 0.69036  
0.81500, -0.70213, 0.09865, 0.65741, -0.65851, 0.09872, 0.69658  
0.81600, -0.70671, 0.09243, 0.67396, -0.66587, 0.09428, 0.69580  
0.81700, -0.70148, 0.10420, 0.67972, -0.65941, 0.10067, 0.69927  
0.81800, -0.69653, 0.11009, 0.67327, -0.65453, 0.11002, 0.69725  
0.81900, -0.69714, 0.11162, 0.65912, -0.65712, 0.10977, 0.70007  
0.82000, -0.69742, 0.11303, 0.65315, -0.65598, 0.10162, 0.69220  
0.82100, -0.69405, 0.10818, 0.64163, -0.65081, 0.09985, 0.68268  
0.82200, -0.69620, 0.10578, 0.64169, -0.65260, 0.10265, 0.68417  
0.82300, -0.69796, 0.10574, 0.64932, -0.65380, 0.10260, 0.68453  
0.82400, -0.69881, 0.10830, 0.64709, -0.65716, 0.10639, 0.68974  
0.82500, -0.70286, 0.10160, 0.65037, -0.66095, 0.10698, 0.69143  
0.82600, -0.70869, 0.09743, 0.65325, -0.66236, 0.09724, 0.69330  
0.82700, -0.70780, 0.09287, 0.65277, -0.67001, 0.09974, 0.68983  
0.82800, -0.71068, 0.08804, 0.65681, -0.67123, 0.09771, 0.69233  
0.82900, -0.71291, 0.08764, 0.65870, -0.67160, 0.09447, 0.70059  
0.83000, -0.70900, 0.08698, 0.66084, -0.66580, 0.09800, 0.69672  
0.83100, -0.70356, 0.08457, 0.65701, -0.66444, 0.09666, 0.69729  
0.83200, -0.70709, 0.08289, 0.66000, -0.66303, 0.09151, 0.69880  
0.83300, -0.70965, 0.07904, 0.66135, -0.66542, 0.08551, 0.69645  
0.83400, -0.70765, 0.07679, 0.65796, -0.67173, 0.09138, 0.69468  
0.83500, -0.71283, 0.07399, 0.65851, -0.66648, 0.09029, 0.69168  
0.83600, -0.70967, 0.07429, 0.65544, -0.67034, 0.08375, 0.69136  
0.83700, -0.71178, 0.07097, 0.65542, -0.66908, 0.08299, 0.69271  
0.83800, -0.71432, 0.07183, 0.65456, -0.67337, 0.08249, 0.69569  
0.83900, -0.71157, 0.06922, 0.65617, -0.66957, 0.08282, 0.69252  
0.84000, -0.71100, 0.07013, 0.65847, -0.66868, 0.08032, 0.68979  
0.84100, -0.71436, 0.06508, 0.65779, -0.67636, 0.08224, 0.69098  
0.84200, -0.70814, 0.06327, 0.65746, -0.67186, 0.07294, 0.69218  
0.84300, -0.71108, 0.06613, 0.65657, -0.67335, 0.07223, 0.68842  
0.84400, -0.71634, 0.06845, 0.65884, -0.67631, 0.07326, 0.68701  
0.84500, -0.71377, 0.06128, 0.65781, -0.67612, 0.07069, 0.68268  
0.84600, -0.71278, 0.06432, 0.66078, -0.67722, 0.07330, 0.68619  
0.84700, -0.71568, 0.06510, 0.66015, -0.67257, 0.06794, 0.67890  
0.84800, -0.71753, 0.06527, 0.66072, -0.67646, 0.06638, 0.67759  
0.84900, -0.71970, 0.06586, 0.66021, -0.67282, 0.06634, 0.67215  
0.85000, -0.72355, 0.06554, 0.66162, -0.67568, 0.06672, 0.67326  
0.85100, -0.72245, 0.06371, 0.65714, -0.68050, 0.06451, 0.66992  
0.85200, -0.72224, 0.06525, 0.66074, -0.68497, 0.06195, 0.66967  
0.85300, -0.72557, 0.06813, 0.65939, -0.68098, 0.05894, 0.67234  
0.85400, -0.72290, 0.06718, 0.65918, -0.69073, 0.06462, 0.66790  
0.85500, -0.72723, 0.07032, 0.65893, -0.68384, 0.06063, 0.67223  
0.85600, -0.72340, 0.07170, 0.65752, -0.68792, 0.05983, 0.66685  
0.85700, -0.72918, 0.06800, 0.65876, -0.68783, 0.06174, 0.66183  
0.85800, -0.73040, 0.07044, 0.65969, -0.68319, 0.05604, 0.66326  
0.85900, -0.72964, 0.06691, 0.65950, -0.69141, 0.06029, 0.66366  
0.86000, -0.73135, 0.06828, 0.66181, -0.69202, 0.06088, 0.66099  
0.86100, -0.73105, 0.06893, 0.65966, -0.69296, 0.06264, 0.66099  
0.86200, -0.73093, 0.06714, 0.66031, -0.69117, 0.06355, 0.65706  
0.86300, -0.73273, 0.06243, 0.66002, -0.68727, 0.05926, 0.66036  
0.86400, -0.72933, 0.06424, 0.66439, -0.68462, 0.05726, 0.66332  
0.86500, -0.73195, 0.05856, 0.66187, -0.69323, 0.05356, 0.66137  
0.86600, -0.72924, 0.05447, 0.66299, -0.68819, 0.05659, 0.65939  
0.86700, -0.72752, 0.05230, 0.66864, -0.69164, 0.05358, 0.66336  
0.86800, -0.72973, 0.04534, 0.66742, -0.68558, 0.05079, 0.66488  
0.86900, -0.73317, 0.04692, 0.66896, -0.69302, 0.05493, 0.66196  
0.87000, -0.72927, 0.04557, 0.66742, -0.69031, 0.05367, 0.66250  
0.87100, -0.73393, 0.04654, 0.66654, -0.68903, 0.05156, 0.66198  
0.87200, -0.73151, 0.04475, 0.66645, -0.69143, 0.05142, 0.66547  
0.87300, -0.73496, 0.04375, 0.66521, -0.69548, 0.05430, 0.66664  
0.87400, -0.73151, 0.04564, 0.66765, -0.68937, 0.05398, 0.66504  
0.87500, -0.72826, 0.04580, 0.66486, -0.68882, 0.05619, 0.66813  
0.87600, -0.72475, 0.04761, 0.66761, -0.68485, 0.05222, 0.66881  
0.87700, -0.72117, 0.04536, 0.66645, -0.67955, 0.05260, 0.66591  
0.87800, -0.71400, 0.04793, 0.66757, -0.67616, 0.05777, 0.67043  
0.87900, -0.71383, 0.05007, 0.66637, -0.67717, 0.05653, 0.67366  
0.88000, -0.70986, 0.04906, 0.66658, -0.67352, 0.06060, 0.67459  
0.88100, -0.71636, 0.05632, 0.66441, -0.67181, 0.06361, 0.67610  
0.88200, -0.70850, 0.05154, 0.66429, -0.67001, 0.06517, 0.67907  
0.88300, -0.70417, 0.05997, 0.66498, -0.66477, 0.06470, 0.68144  
0.88400, -0.70417, 0.05997, 0.66498, -0.67114, 0.07494, 0.68342  
0.88500, -0.70612, 0.06758, 0.65992, -0.66690, 0.07566, 0.69061  
0.88600, -0.70210, 0.06813, 0.66305, -0.65807, 0.07875, 0.68954  
0.88700, -0.70282, 0.07507, 0.66244, -0.65630, 0.07915, 0.68954  
0.88800, -0.69822, 0.07475, 0.66401, -0.66116, 0.08682, 0.69193  
0.88900, -0.69611, 0.07603, 0.66193, -0.66175, 0.08867, 0.69235  
0.89000, -0.69853, 0.07824, 0.65844, -0.65590, 0.09146, 0.69717  
0.89100, -0.69666, 0.08423, 0.66059, -0.65228, 0.09659, 0.69717  
0.89200, -0.69063, 0.08413, 0.65939, -0.65342, 0.09811, 0.69727  
0.89300, -0.69176, 0.08760, 0.65512, -0.65266, 0.10496, 0.69870  
0.89400, -0.69283, 0.09235, 0.65582, -0.64915, 0.10626, 0.69963  
0.89500, -0.69199, 0.09676, 0.65456, -0.64812, 0.11045, 0.70393  
0.89600, -0.68924, 0.10239, 0.65292, -0.64970, 0.12121, 0.70223  
0.89700, -0.68729, 0.10752, 0.65496, -0.64600, 0.12119, 0.70814  
0.89800, -0.68838, 0.11194, 0.65407, -0.64514, 0.12686, 0.70448  
0.89900, -0.69195, 0.11753, 0.65048, -0.64875, 0.13582, 0.70807  
0.90000, -0.69174, 0.11627, 0.64846, -0.64823, 0.13502, 0.70967  
0.90100, -0.69193, 0.12064, 0.64863, -0.64802, 0.14160, 0.70974  
0.90200, -0.68558, 0.12175, 0.65044, -0.64661, 0.14448, 0.70694  
0.90300, -0.68867, 0.12430, 0.65125, -0.64386, 0.14488, 0.70717  
0.90400, -0.68598, 0.12239, 0.64682, -0.64117, 0.14551, 0.70833  
0.90500, -0.68720, 0.11965, 0.64869, -0.63869, 0.15144, 0.70868  
0.90600, -0.68308, 0.11185, 0.64899, -0.64493, 0.15156, 0.71016  
0.90700, -0.68598, 0.11116, 0.64938, -0.64014, 0.14578, 0.71468  
0.90800, -0.68157, 0.09405, 0.65283, -0.64173, 0.15186, 0.70843  
0.90900, -0.68085, 0.06100, 0.64989, -0.63896, 0.14633, 0.70498  
0.91000, -0.67837, 0.07870, 0.63900, -0.63095, 0.13174, 0.71178  
0.91100, -0.68781, 0.11066, 0.63684, -0.64167, 0.13987, 0.71058  
0.91200, -0.70101, 0.13128, 0.65239, -0.66425, 0.17397, 0.69916  
0.91300, -0.70604, 0.14370, 0.65891, -0.66322, 0.17223, 0.71716  
0.91400, -0.70114, 0.12419, 0.65897, -0.66048, 0.16987, 0.71869  
0.91500, -0.69666, 0.11629, 0.65826, -0.65575, 0.15871, 0.71516  
0.91600, -0.68617, 0.10075, 0.65561, -0.64709, 0.15163, 0.70810  
0.91700, -0.68317, 0.08444, 0.65069, -0.64806, 0.14515, 0.69950  
0.91800, -0.68336, 0.07494, 0.64873, -0.63652, 0.13763, 0.70261  
0.91900, -0.68802, 0.07429, 0.64631, -0.64608, 0.13500, 0.69637  
0.92000, -0.68920, 0.07410, 0.64611, -0.64873, 0.13407, 0.69588  
0.92100, -0.69090, 0.07669, 0.64835, -0.64976, 0.12724, 0.68928  
0.92200, -0.69305, 0.07587, 0.64560, -0.65451, 0.12709, 0.68455  
0.92300, -0.69721, 0.07778, 0.63955, -0.65779, 0.11942, 0.68029  
0.92400, -0.70112, 0.07530, 0.63969, -0.65811, 0.11843, 0.68012  
0.92500, -0.69742, 0.08133, 0.64255, -0.65918, 0.12127, 0.67778  
0.92600, -0.69637, 0.08533, 0.64388, -0.65849, 0.11889, 0.67675  
0.92700, -0.69706, 0.08871, 0.64697, -0.65269, 0.10818, 0.67888  
0.92800, -0.70702, 0.08961, 0.64199, -0.66364, 0.11192, 0.67337  
0.92900, -0.70227, 0.09428, 0.64873, -0.66378, 0.10618, 0.67560  
0.93000, -0.70837, 0.09123, 0.64968, -0.66824, 0.10481, 0.67442  
0.93100, -0.70971, 0.09268, 0.65159, -0.67366, 0.10063, 0.67192  
0.93200, -0.70835, 0.08362, 0.65384, -0.67148, 0.09645, 0.66671  
0.93300, -0.71167, 0.08257, 0.65340, -0.66895, 0.09270, 0.67068  
0.93400, -0.71075, 0.07788, 0.65702, -0.67183, 0.08713, 0.66885  
0.93500, -0.71606, 0.07683, 0.66046, -0.66738, 0.08003, 0.66954  
0.93600, -0.71301, 0.07214, 0.65805, -0.67263, 0.08173, 0.66639  
0.93700, -0.71344, 0.07633, 0.65697, -0.67179, 0.07824, 0.66450  
0.93800, -0.71981, 0.08118, 0.65720, -0.68146, 0.07841, 0.66833  
0.93900, -0.72237, 0.08083, 0.65863, -0.68108, 0.07332, 0.66418  
0.94000, -0.72025, 0.08112, 0.65704, -0.68314, 0.06962, 0.66675  
0.94100, -0.72889, 0.08690, 0.65655, -0.69057, 0.07593, 0.66408  
0.94200, -0.72655, 0.08509, 0.65861, -0.68674, 0.07200, 0.66481  
0.94300, -0.72922, 0.08308, 0.66113, -0.69483, 0.06985, 0.66442  
0.94400, -0.73019, 0.08284, 0.65922, -0.68840, 0.06342, 0.66914  
0.94500, -0.72943, 0.07645, 0.66561, -0.68703, 0.06203, 0.66658  
0.94600, -0.73236, 0.07164, 0.66425, -0.68680, 0.06004, 0.67131  
0.94700, -0.73143, 0.06689, 0.66162, -0.68880, 0.05457, 0.66853  
0.94800, -0.72607, 0.06207, 0.66364, -0.69212, 0.05001, 0.66751  
0.94900, -0.73057, 0.05392, 0.66277, -0.68113, 0.04503, 0.67034  
0.95000, -0.72693, 0.05363, 0.66351, -0.68930, 0.04221, 0.66582  
0.95100, -0.72504, 0.05037, 0.66343, -0.68735, 0.04419, 0.66977  
0.95200, -0.72386, 0.04601, 0.66004, -0.68899, 0.04627, 0.66751  
0.95300, -0.72563, 0.04572, 0.66149, -0.69345, 0.04181, 0.66999  
0.95400, -0.72628, 0.04492, 0.66360, -0.68535, 0.03822, 0.67236  
0.95500, -0.72571, 0.04255, 0.66540, -0.68676, 0.03832, 0.66866  
0.95600, -0.72296, 0.04101, 0.66299, -0.68396, 0.03515, 0.66916  
0.95700, -0.72622, 0.03876, 0.66427, -0.68567, 0.03527, 0.67307  
0.95800, -0.72676, 0.03689, 0.66422, -0.68764, 0.02918, 0.68087  
0.95900, -0.72596, 0.03769, 0.66442, -0.68521, 0.03742, 0.67581  
0.96000, -0.72557, 0.03815, 0.66618, -0.68771, 0.03731, 0.67570  
0.96100, -0.72933, 0.03084, 0.66616, -0.68401, 0.03868, 0.67720  
0.96200, -0.72741, 0.02909, 0.66830, -0.68512, 0.03639, 0.67348  
0.96300, -0.72386, 0.02998, 0.66713, -0.68726, 0.03792, 0.67682  
0.96400, -0.72239, 0.03078, 0.66784, -0.68958, 0.03944, 0.67507  
0.96500, -0.72239, 0.03078, 0.66784, -0.68497, 0.03750, 0.67623  
0.96600, -0.72165, 0.03134, 0.66805, -0.68569, 0.03529, 0.68054  
0.96700, -0.71926, 0.03103, 0.66727, -0.67736, 0.03685, 0.68401  
0.96800, -0.71518, 0.03485, 0.66820, -0.67684, 0.03532, 0.68506  
0.96900, -0.71815, 0.04131, 0.66681, -0.67320, 0.03544, 0.68455  
0.97000, -0.71484, 0.03796, 0.66486, -0.67635, 0.03937, 0.68657  
0.97100, -0.71404, 0.03983, 0.66719, -0.67169, 0.03582, 0.69304  
0.97200, -0.71205, 0.04408, 0.66742, -0.67169, 0.03672, 0.69151  
0.97300, -0.71182, 0.04927, 0.66788, -0.67093, 0.04164, 0.68825  
0.97400, -0.70154, 0.04965, 0.66643, -0.66784, 0.04492, 0.69098  
0.97500, -0.70314, 0.05020, 0.66616, -0.66427, 0.04389, 0.69336  
0.97600, -0.70477, 0.05447, 0.66397, -0.66364, 0.04831, 0.69378  
0.97700, -0.70345, 0.05215, 0.66242, -0.66402, 0.05373, 0.69752  
0.97800, -0.70187, 0.05621, 0.66315, -0.66099, 0.05390, 0.69468  
0.97900, -0.69939, 0.05911, 0.66143, -0.66046, 0.05045, 0.70044  
0.98000, -0.69880, 0.06315, 0.66004, -0.65443, 0.05892, 0.69881  
0.98100, -0.69723, 0.06502, 0.65287, -0.65439, 0.06290, 0.70654  
0.98200, -0.69483, 0.06872, 0.65298, -0.65575, 0.06687, 0.70580  
0.98300, -0.69353, 0.06962, 0.65664, -0.65208, 0.07454, 0.70562  
0.98400, -0.69527, 0.07467, 0.65662, -0.65580, 0.07622, 0.70818  
0.98500, -0.68851, 0.07635, 0.65290, -0.64978, 0.07898, 0.70511  
0.98600, -0.68874, 0.07654, 0.65191, -0.65273, 0.08337, 0.70047  
0.98700, -0.69025, 0.08080, 0.64985, -0.65163, 0.08549, 0.70061  
0.98800, -0.68882, 0.08110, 0.64854, -0.64711, 0.09211, 0.69895  
0.98900, -0.68741, 0.08507, 0.65052, -0.64386, 0.09108, 0.69332  
0.99000, -0.69309, 0.08520, 0.64831, -0.64550, 0.09338, 0.69744  
0.99100, -0.68815, 0.09007, 0.64528, -0.64587, 0.09798, 0.69170  
0.99200, -0.68977, 0.09212, 0.64795, -0.64434, 0.09747, 0.69473  
0.99300, -0.68613, 0.09554, 0.64455, -0.64533, 0.10214, 0.69651  
0.99400, -0.68499, 0.09861, 0.64642, -0.64861, 0.10593, 0.69929  
0.99500, -0.68253, 0.10233, 0.64661, -0.64655, 0.10670, 0.70187  
0.99600, -0.68401, 0.10273, 0.64478, -0.64188, 0.10393, 0.70368  
0.99700, -0.68314, 0.10481, 0.64257, -0.64182, 0.11435, 0.70011  
0.99800, -0.68403, 0.10540, 0.64804, -0.64198, 0.11080, 0.70211  
0.99900, -0.68539, 0.11028, 0.64625, -0.64436, 0.11497, 0.70034  
